{
  "sourcePdf": "2025 OCR SECT II PART A BEGINNING TO SA-450.pdf",
  "sourcePageNumber": 211,
  "globalPageIndex": 211,
  "width": 792.0,
  "height": 612.48,
  "text": "( \nTABLE X3.2 Basic Threading Data for Standard-Weight Pipe, NPS 8 [DN 200] or Larger, and all Sizes of Extra-Strong and \nDouble-Extra-Strong Weight Pipe \nNoTE 1-The taper of threads is\u00be in.Jft [62.5 mmlm] on the diameter. \nPipe Threads \nNPS DN Specified Num- End of Effective Total Pitch Specified \nDesig- Desig- Outside ber Pipe to Length, Length, Diameter Outside \nnator nator Diameter, per Hand light in. [mm] in. [mm] at Hand Diameter, \nin. [mm] Inch Plane, light Plane, in. [mm] \nin. [mm] in. [mm] \nD L, L2 L4 E, w \n1/s 6 0.405 [10.3] 27 0.1615 [4.1021] 0.2638 [6.7005] 0.3924 [9.9670] 0.37360 [9.48944] 0.563 [14.3] \n\u00bc 8 0.540 [13.7] 18 0.2278 [5.7861] 0.4018 [10.2057] 0.5946 [15.1028] 0.49163 [12.48740] 0.719 [18.3] \n% 10 0.675 [17.1] 18 0.240 [6.096] 0.4078 [10.3581] 0.6006 [15.2552] 0.62701 [15.92605] 0.875 [22.2] \n\u00bd 15 0.840 [21.3] 14 0.320 [8.128] 0.5337 [13.5560] 0.7815 [19.8501] 0.77843 [19.77212] 1.063 [27.0] \nf--' \u00be 20 1.050 [26.7] 14\u00bd 0.339 [8.611] 0.5457 [13.8608] 0.7935 [20.1549] 0.98887 [25.11730] 1.313 [33.4] \nCJl 1 25 1.315 [33.4] 11 0.400 [10.160] 0.6828 [17.3431] 0.9845 [25.0063] 1.23863 [31.46120] 1.576 [40.0] \n'\u00b0 1\u00bc 32 1.660 [42.2] 11\u00bd 0.420 [10.668] 0.7068 [17.9527] 1.0085 [25.6159] 1.58338 [40.21785] 2.054 [52.2] \n1\u00bd 40 1.900 [48.3] 11\u00bd 0.420 [10.668] 0.7235 [18.3769] 1.0252 [26.0401] 1.82234 [46.28744] 2.200 [55.9] \n2 50 2.375 [60.3] 11\u00bd 0.436 [11.074] 0.7565 [19.2151] 1.0582 [26.8783] 2.29627 [58.32526] 2.875 [73.0] \n2\u00bd 65 2.875 [73.0] 8 0.682 [17.323] 1.1375 [28.8950] 1.5712 [39.9085] 2.76216 [70.15886] \u00b7 3.375 [85.7] \n3 80 3.500 [88.9] 8 0.766 [19.456] 1.2000 [30.4800] 1.6337 [41.4960] 3.38850 [86.06790] 4.000 [101.6] \n3\u00bd 90 4.000 [101.6] 8 0.821 [20.853] 1.2500 [31.7500] 1.6837 [42.7660] 3.88881 [98.77577] 4.625 [117.5] \n4 100 4.500 [114.3] 8 0.844 [21.438] 1.3000 [33.0200] 1.7337 [44.0360] 4.38713 [111.43310] 5.200 [132.1] \n5 125 5.563 [141.3] 8 0.937 [23.800] 1.4063 [35.7200] 1.8400 [46.7360] 5.44929 [138.41200] 6.296 [159.9] \n6 150 6.625 [168.3] 8 0.958 [24.333] 1.5125 [38.4175] 1.9462 [49.4335] 6.50597 [165.25164] 7.390 [187.7] \n8 200 8.625 [219.1] 8 1.063 [27.000] 1.7125 [43.4975] 2.1462 [54.5135] 8.50003 [215.90076] 9.625 [244.5] \n10 250 10.750 [273.0] 8 1.210 [30.734] 1.9250 [48.8950] 2.3587 [59.9110] 10.62094 [269.77188] 11.750 [298.4] \n12 300 12.750 [323.8] 8 1.360 [34.544] 2.1250 [53.9750] 2.5587 [64.9910] 12.61781 [320.49237] 14.000 [355.6] \n14 350 14.000 [355.6] 8 1.562 [39.675] 2.2500 [57.1500) 2.6837 [68.1660] 13.87263 [352.36480] 15.000 [381.0] \n16 400 16.000 [406.4] 8 1.812 [46.025] 2.4500 [62.2300] 2.8837 [73.2460] 15.87575 [403.24405] 17.000 [432] \n18 450 18.000 [457] 8 2.000 [50.800] 2.6500 [67.3100] 3.0837 [78.3260] 17.87500 [454.02500] 19.000 [483] \n20 500 20.000 [508] 8 2.125 [53.975] 2.8500 [72.3900] 3.2837 [83.4060] 19.87031 [504.70587] 21.000 [533] \nCoupling \nLength, \nmin, \nin. [mm] \nNL \n11/,s [27] \n1% [41] \n1% [41] \n21/s [54] \n21/s [54] \n2% [67] \n2\u00be [70] \n2\u00be [70] \n2\u00bc [73] \n41/s [105] \n4\u00bc [108] \n4% [111] \n4\u00bd [114] \n4% [117] \n4 7 /s [124] \n5\u00bc \u2022 [133] \n5\u00be [146] \n61/s [156] \n6% [162] \n6\u00be [171] \n71/s [181] \n7% [194] \n) \nHand light \nStand-Off \n(Number \nof \nThreads) \n3 \n3 \n3 \n3 \n3 \n3 \n3 \n3 \n3 \n2 \n2 \n2 \n2 \n2 \n2 \n2 \n2 \n2 \n2 \n2 \n2 \n2 \n> Ill \n~ \nC\"l \n0:, \n\"O \n< g \n~ \nN \n0 \nN \nen \n~ en w \n~ en w \n~ ",
  "words": [],
  "tableCount": 0,
  "noteCount": 0,
  "ocrTextPath": "ocr/page-0211.txt",
  "ocrTextLength": 3187,
  "ocrApplied": true,
  "tabulaTablesPath": "tables_tabula/page-0211.json",
  "tabulaTablesCsv": "tables_tabula/page-0211.csv",
  "tabulaTableCount": 1,
  "bestTextPath": "best_text\\pages\\page-0211.txt",
  "bestTextSource": "full_ocr_highdpi",
  "bestTextLength": 3185,
  "bestTextAlphaRatio": 0.141
}