{
  "sourcePdf": "2025 OCR ASME SECT II MATERIALS PART A SA-451 TO END.pdf",
  "sourcePageNumber": 432,
  "globalPageIndex": 1230,
  "width": 617.04,
  "height": 795.6,
  "text": "SA-693 (ASTM A693) ASME BPVC.II.A-2025 \nTABLES Continued \nTensile Yield Elonga- Reduc-\nImpact \nHardening or Strength, min Strength, min lion in 2 lion of \nHardness, min CharpyV, \nPrecipitation In. or min 8 \nGrade Thickness, in. (mm) Area, Treatment or 50mm, min Rockwell, Brinell, \nboth, \u00b0F(\u00b0C) ksi MPa ksl MPa min, o/i min/ min/ ft,lbf J \n%A max max \n1050 (565) 0.030 (0. 76) and under 170 1170 150 1035 3 C35 \n0.030 to 0.060 (0.76 to 1.52) 170 1170 150 1035 4 C35 \nOver 0.060 (1.52) 170 1170 150 1035 5 C35 \nPlate 170 1170 150 1035 8 30 C36 331 \nXM-13 950 (510) Under 0.020 (0.51) 220 1515 205 1410 6 C45 \n0.020 to 0.1874 (0.51 to 220 1515 205 1410 8 C45 \n4.760) \n0.1875 to 0.625 (4.760 to 220 1515 205 1410 10 C45 \n15.88) \n0.626 to 4.0 (15.90 to 102) 220 1515 205 1410 10 C45 429 \n1000 (538) Under 0.020 (0.51) 200 1380 190 1310 6 C43 \n0.020 to 0.1874 (0.51 to 200 1380 190 1310 8 C43 \n4.760) \n0.1875 to 0.625 (4.760 to 200 1380 190 1310 10 C43 \n15.88) \n0.626 to 4.0 (15.90 to 102) 200 1380 190 1310 10 C43 401 \nXM-16 950 (510) Up to 0.020 (0.51) 222 1525 205 1410 C44 \nOver 0.020 to 0.062 (0.51 to 222 1525 205 1410 3 C44 \n1.57) 222 1525 205 1410 4 C44 \nOver 0.062 (1.57) \nXM-25 900 (482) Up to 0.020 (0.51) 180 1240 170 1170 3 C40 \nOver 0.020 to 0.062 (0.51 to 180 1240 170 1170 4 C40 \n1.57) 180 1240 170 1170 5 C40 \nOver 0.062 (1.57) \n1000 (538) Up to 0.020 (0.51) 160 1105 150 1035 5 C36 \nOver 0.020 to 0.062 (0.51 to 160 1105 150 1035 6 C36 \n1.57) 160 1105 150 1035 7 C36 \nOver 0.062 (1.57) \n1150 (621) Up to 0.020 (0.51) 125 860 75 515 8 C26 \nOver 0.020 to 0.062 (0.51 to 125 860 75 515 9 C26 \n1.57) 125 860 75 515 10 C26 \nOver 0.062 (1.57) \nXM-9 900 (482) Over 0.010 (0.25) 180 1240 160 1105 3 C38 \nS46500 900 (482) o. 140 (3.56) and under 245 1690 235 1620 2 C48 \n950 (510) 0.140 (3.56) and under 235 1620 225 1550 3 C47 \n1000 (538) 0.140 (3.56) and under 220 1515 210 1445 4 C45 \n1050 (566) 0.140 (3.56) and under 200 1380 185 1275 5 C43 \n1100 (593) 0.140 (3.56) and under 180 1240 145 1000 6 C39 \nS46910 Cold rolled at mill 0.00079 to 0.15 (0.020 to 135 950 65 475 5 C29 \n3.8) \nCold rolled at mill +890 (475) 0.00079 to 0.15 (0.020 to 180 1250 135 950 C38 \n3.8) \nCold rolled at mill 0.00059 to 0.091 (0.015 to 160 1100 95 650 3 C33 \n2.3) \nCold rolled at mill +890 (475) 0.00059 to 0.091 (0.015 to 240 1650 210 1450 C46 \n2.3) \nCold rolled at mill 0.00059 to 0.047 (0.015 to 185 1300 160 1100 C38 \n1.2) \nCold rolled at mill +890 (475) 0.00059 to 0.047 (0.015 to 280 1950 265 1850 C50 \n1.2) \nCold rolled at mill 0.00059 to 0.028 (0.015 to 215 1500 195 1350 C42 \n0.70) \nCold rolled at mill +890 (475) 0.00059 to 0.028 (0.015 to 325 2250 310 2150 C54 \n0.70) \nCold rolled at mill 0.00059 to 0.0059 (0.015 to 245 1700 220 1525 C45 \n0.15) \nCold rolled at mill +890 (475) 0.00059 to 0.0059 (0.015 to 340 2350 325 2250 C55 \n0.15) \nA Applicable to tests In the long transverse direction. Transverse to the direction of rolling and parallel to the product surface. \n8 Impact test is not required unless specified on the purchase order. \n''--.....-,// \n1144 ",
  "words": [],
  "tableCount": 0,
  "noteCount": 0,
  "tabulaTablesPath": "tables_tabula/page-1230.json",
  "tabulaTablesCsv": "tables_tabula/page-1230.csv",
  "tabulaTableCount": 1,
  "bestTextPath": "best_text/pages/page-1230.txt",
  "bestTextSource": "pass1",
  "bestTextLength": 3058,
  "bestTextAlphaRatio": 0.2678
}